-- phpMyAdmin SQL Dump
-- version 4.6.5.2
-- https://www.phpmyadmin.net/
--
-- Host: 127.0.0.1
-- Generation Time: May 20, 2017 at 02:12 PM
-- Server version: 10.1.21-MariaDB
-- PHP Version: 5.6.30

SET SQL_MODE = "NO_AUTO_VALUE_ON_ZERO";
SET time_zone = "+00:00";


/*!40101 SET @OLD_CHARACTER_SET_CLIENT=@@CHARACTER_SET_CLIENT */;
/*!40101 SET @OLD_CHARACTER_SET_RESULTS=@@CHARACTER_SET_RESULTS */;
/*!40101 SET @OLD_COLLATION_CONNECTION=@@COLLATION_CONNECTION */;
/*!40101 SET NAMES utf8mb4 */;

--
-- Database: `premium`
--

-- --------------------------------------------------------

--
-- Table structure for table `alerts`
--

CREATE TABLE `alerts` (
  `id_alert` int(11) NOT NULL,
  `deadline` date NOT NULL,
  `text` varchar(200) COLLATE utf8_unicode_ci NOT NULL
) ENGINE=MyISAM DEFAULT CHARSET=utf8 COLLATE=utf8_unicode_ci;

--
-- Dumping data for table `alerts`
--

INSERT INTO `alerts` (`id_alert`, `deadline`, `text`) VALUES
(1, '2017-04-30', '\"paNICA \"'),
(2, '2017-04-28', 'PANICA');

-- --------------------------------------------------------

--
-- Table structure for table `alerts_employees`
--

CREATE TABLE `alerts_employees` (
  `id_alert_employee` int(11) NOT NULL,
  `id_employee` int(11) NOT NULL,
  `id_alert` int(11) NOT NULL,
  `delivery_date` date NOT NULL,
  `status` varchar(200) COLLATE utf8_unicode_ci NOT NULL
) ENGINE=MyISAM DEFAULT CHARSET=utf8 COLLATE=utf8_unicode_ci;

-- --------------------------------------------------------

--
-- Table structure for table `clockings`
--

CREATE TABLE `clockings` (
  `id_clocking` int(11) NOT NULL,
  `id_employee` int(11) NOT NULL,
  `date` date NOT NULL,
  `hour_in` int(200) NOT NULL,
  `hour_break` int(200) NOT NULL,
  `hour_work` int(200) NOT NULL,
  `hour_out` int(200) NOT NULL
) ENGINE=MyISAM DEFAULT CHARSET=utf8 COLLATE=utf8_unicode_ci;

--
-- Dumping data for table `clockings`
--

INSERT INTO `clockings` (`id_clocking`, `id_employee`, `date`, `hour_in`, `hour_break`, `hour_work`, `hour_out`) VALUES
(39, 13, '2017-04-16', 480, 720, 900, 1020),
(36, 13, '2017-04-25', 480, 600, 720, 960),
(35, 7, '2017-04-25', 672, 672, 672, 672),
(34, 7, '2017-04-24', 480, 540, 600, 660),
(40, 13, '2017-03-13', 600, 720, 900, 1200),
(20, 13, '2017-04-14', 490, 855, 900, 1140),
(19, 13, '2017-04-15', 480, 549, 610, 670),
(17, 2, '2017-04-15', 696, 696, 696, 696),
(18, 3, '2017-04-15', 1193, 1194, 1194, 1194),
(33, 7, '2017-04-23', 672, 672, 672, 672),
(41, 13, '2017-04-24', 490, 560, 630, 700),
(58, 3, '2017-04-29', 1290, 1290, 1290, 1290),
(53, 7, '2017-04-29', 1191, 1191, 1191, 1191),
(55, 13, '2017-04-29', 1262, 1263, 1324, 1385),
(59, 13, '2017-04-28', 480, 540, 600, 660),
(60, 13, '2017-04-27', 720, 780, 840, 900),
(61, 7, '2017-04-30', 1039, 0, 0, 1039),
(62, 13, '2017-05-01', 540, 600, 660, 720),
(63, 13, '2017-05-02', 540, 600, 660, 720);

-- --------------------------------------------------------

--
-- Table structure for table `departments`
--

CREATE TABLE `departments` (
  `id_department` int(11) NOT NULL,
  `name` varchar(200) COLLATE utf8_unicode_ci NOT NULL,
  `id_manager` int(11) NOT NULL
) ENGINE=MyISAM DEFAULT CHARSET=utf8 COLLATE=utf8_unicode_ci;

--
-- Dumping data for table `departments`
--

INSERT INTO `departments` (`id_department`, `name`, `id_manager`) VALUES
(1, 'Dezvoltare', 10),
(2, 'Business', 11),
(3, 'Party', 13),
(4, 'Concediu', 13);

-- --------------------------------------------------------

--
-- Table structure for table `documents`
--

CREATE TABLE `documents` (
  `id_document` int(11) NOT NULL,
  `id_employee` int(11) NOT NULL,
  `name` varchar(200) COLLATE utf8_unicode_ci NOT NULL,
  `date` date NOT NULL,
  `id_doctype` int(11) NOT NULL,
  `document` longblob NOT NULL
) ENGINE=MyISAM DEFAULT CHARSET=utf8 COLLATE=utf8_unicode_ci;

--
-- Dumping data for table `documents`
--

INSERT INTO `documents` (`id_document`, `id_employee`, `name`, `date`, `id_doctype`, `document`) VALUES
(3, 3, 'Income Statement - Mos Craciun - 19-05-2017-20-56-08.pdf', '2017-05-19', 1, 0xaced000573720014446f63756d656e7454797065732e496e636f6d65c4be6052ca03225e0200174c0007636f6d70616e797400124c6a6176612f6c616e672f537472696e673b4c0004646174657400144c6a6176612f7574696c2f43616c656e6461723b4c000a6465706172746d656e7471007e00014c000d646f63756d656e745469746c6571007e00014c0004646f747371007e00014c00036a6f6271007e00014c00066d6f6e74683171007e00014c00066d6f6e74683271007e00014c00066d6f6e74683371007e00014c00046e616d6571007e00014c0007707572706f736571007e00014c000773616c617279317400134c6a6176612f6c616e672f496e74656765723b4c000773616c6172793271007e00034c000773616c6172793371007e00034c000973746172744461746571007e00024c0002743171007e00014c0002743271007e00014c0002743371007e00014c0002743471007e00014c0002743571007e00014c0002743671007e00014c0002743871007e00014c00057469746c6571007e0001787074000645766f7a6f6e7372001b6a6176612e7574696c2e477265676f7269616e43616c656e6461728f3dd7d6e5b0d0c10200014a0010677265676f7269616e4375746f766572787200126a6176612e7574696c2e43616c656e646172e6ea4d1ec8dc5b8e03000b5a000c6172654669656c647353657449000e66697273744461794f665765656b5a0009697354696d655365745a00076c656e69656e744900166d696e696d616c44617973496e46697273745765656b4900096e6578745374616d7049001573657269616c56657273696f6e4f6e53747265616d4a000474696d655b00066669656c64737400025b495b000569735365747400025b5a4c00047a6f6e657400144c6a6176612f7574696c2f54696d655a6f6e653b7870010000000101010000000100000002000000010000015c21da377a757200025b494dba602676eab2a502000078700000001100000001000007e1000000040000001400000003000000130000008b00000006000000030000000100000008000000140000003800000008000000ba006ddd000036ee80757200025b5a578f203914b85de20200007870000000110101010101010101010101010101010101737200186a6176612e7574696c2e53696d706c6554696d655a6f6e65fa675d60d15ef5a603001249000a647374536176696e6773490006656e6444617949000c656e644461794f665765656b490007656e644d6f6465490008656e644d6f6e7468490007656e6454696d6549000b656e6454696d654d6f64654900097261774f666673657449001573657269616c56657273696f6e4f6e53747265616d490008737461727444617949000e73746172744461794f665765656b49000973746172744d6f646549000a73746172744d6f6e7468490009737461727454696d6549000d737461727454696d654d6f64654900097374617274596561725a000b7573654461796c696768745b000b6d6f6e74684c656e6774687400025b42787200126a6176612e7574696c2e54696d655a6f6e6531b3e9f57744aca10200014c0002494471007e0001787074000d4575726f70652f417468656e730036ee80ffffffff00000001000000020000000900dbba0000000002006ddd0000000002ffffffff00000001000000020000000200a4cb80000000020000000001757200025b42acf317f8060854e002000078700000000c1f1c1f1e1f1e1f1f1e1f1e1f770a00000006ff01ff0102027571007e000c000000020036ee800036ee80787372001a73756e2e7574696c2e63616c656e6461722e5a6f6e65496e666f24d1d3ce001d719b020008490008636865636b73756d49000a647374536176696e67734900097261774f666673657449000d7261774f6666736574446966665a001377696c6c474d544f66667365744368616e67655b00076f66667365747371007e00085b001473696d706c6554696d655a6f6e65506172616d7371007e00085b000b7472616e736974696f6e737400025b4a7871007e001271007e0014ca7117b90036ee80006ddd0000000000007571007e000c00000004006ddd000056da6000a4cb800036ee807571007e000c0000000a00000002ffffffff000000010036ee800000000200000009ffffffff000000010036ee8000000002757200025b4a782004b512b1759302000078700000008affdfdae01dc00001ffe776c82dc00000ffeec8ff19300032ffeedb01ec480000fff2cdad62300032fff2d51117880030fff38677d3680003fff3b613c8980030fff3f29312b00003fff42d7d3dd80000fff7f64a2a700032fff81e300488000000026c350a7000320002b597a97000000002e1b6fb00003200031c4b518000000003549edfc0003200038d44d3c000000003c9c78cc000320004021e89e8000000043f08421800320004792ebb9800000004b4b6d47000320004eea2f08800000005294502a80032000563d95928000000059e6dafa800320005d90206280000000613965ca8003200064e2ab3280000000688bf09a800320006c59428680000000700287ee8003200073abcd5680000000775512be800320007afe5826800000007ea79d8e800320008250e2f68000000085fa285e8003200089a36dc6800000008d4cb32e8003200090f5f89680000000949f3dfe80032000986c8fea800000009c15d552800320009fbf1aba80000000a368602280032000a711a58a80000000aabaeaf280032000ae64305a80000000b20d75c280032000b5b6bb2a80000000b960009280032000bd0945fa80000000c0d697e680032000c5100f5e80000000c82922b680032000cc629a2e80000000cf7bad8680032000d3b524fe80000000d6ce385680032000db2bbc5280000000de20c32680032000e27e472280000000e5734df680032000e9d0d1f280000000ece9e54a80032000f1235cc280000000f43c701a80032000f875e79280000000fb8efaea80032000ffec7ee68000000102e185ba80032001073f09b6800000010a34108a800320010e9194868000000111869b5a8003200115e41f568000000118fd32ae800320011d36aa2680000001204fbd7e80032001248934f68000000127a2484e800320012bffcc4a800000012ef4d31e800320013352571a8000000136475dee800320013aa4e1ea800000013dbdf5428003200141f76cba8000000145108012800320014949f78a800000014c630ae280032001509c825a8000000153b595b280032001581319ae800000015b082082800320015f65a47e80000001625aab528003200166b82f4e8000000169d142a6800320016e0aba1e800000017123cd7680032001755d44ee8000000178765846800320017cd3dc42800000017fc8e316800320018426671280000001871b6de6800320018b78f1e2800000018e92053a8003200192cb7cb28000000195e4900a800320019a1e0782800000019d371ada80032001a170925280000001a489a5aa80032001a8e729a680000001abdc307a80032001b039b47680000001b32ebb4a80032001b78c3f4680000001baa5529e80032001bedeca1680000001c1f7dd6e80032001c63154e680000001c94a683e80032001cda7ec3a80000001d09cf30e80032001d4fa770a80000001d7ef7dde80032001dc4d01da80000001df4208ae80032001e39f8caa80000001e6b8a00280032001eaf2177a80000001ee0b2ad280032001f244a24a8000078fffff4e2f964ac007400055061727479740013416465766572696e74612064652076656e69747400402e2e2e2e2e2e2e2e2e2e2e2e2e2e2e2e2e2e2e2e2e2e2e2e2e2e2e2e2e2e2e2e2e2e2e2e2e2e2e2e2e2e2e2e2e2e2e2e2e2e2e2e2e2e2e2e2e2e2e2e2e2e2e2e74000f50726f6a656374204d616e6167657274000549756c696574000641756775737474000a53657074656d6272696574000b4d6f73204372616369756e740009666163756c74617465737200116a6176612e6c616e672e496e746567657212e2a0a4f781873802000149000576616c7565787200106a6176612e6c616e672e4e756d62657286ac951d0b94e08b02000078700000076c7371007e00280000079e7371007e0028000008347371007e0006010000000101010000000100000002000000010000015c21da377a7571007e000c0000001100000001000007e1000000040000001400000003000000130000008b00000006000000030000000100000008000000140000003800000008000000ba006ddd000036ee807571007e000e0000001101010101010101010101010101010101017371007e001071007e00140036ee80ffffffff00000001000000020000000900dbba0000000002006ddd0000000002ffffffff00000001000000020000000200a4cb8000000002000000000171007e0016770a00000006ff01ff0102027571007e000c000000020036ee800036ee80787371007e001871007e0014ca7117b90036ee80006ddd00000000000071007e001b71007e001c71007e001e78fffff4e2f964ac0074002d5072696e207072657a656e7461207365206164657665726573746520636120646f6d6e756c2f646f616d6e612074001c2c206573746520696e63616472617428612920696e206669726d61207400562c20637520636f6e747261637420696e646976696475616c206465206d756e636120706520706572696f6164612064657465726d696e6174612f6e6564657465726d696e617461206465206c612064617461206465207400102c20696e2066756e63746961206465207400102c20646570617274616d656e74756c2074002e2c20637520756e2073616c6172697520627275742c20706520756c74696d656c652033206c756e692c2064653a2074002a5072657a656e746120732d6120656c6962657261742070656e74727520612d69207365727669206c6120740010496e636f6d652053746174656d656e74),
(1, 3, 'Vacation Request - Mos Craciun - 19052017203200.pdf', '2017-05-19', 1, 0xaced000573720016446f63756d656e7454797065732e5661636174696f6ea147fac6ebdc9989020010490009757365645f646179734c0007636f6d70616e797400124c6a6176612f6c616e672f537472696e673b4c0004646174657400144c6a6176612f7574696c2f43616c656e6461723b4c000a6465706172746d656e7471007e00014c000d646f63756d656e745469746c6571007e00014c000c656e645f7661636174696f6e71007e00014c00036a6f6271007e00014c00046e616d6571007e00014c000e73746172745f7661636174696f6e71007e00014c0002743171007e00014c0002743271007e00014c0002743371007e00014c0002743471007e00014c0002743571007e00014c0002743671007e00014c00057469746c6571007e000178700000000074000645766f7a6f6e7372001b6a6176612e7574696c2e477265676f7269616e43616c656e6461728f3dd7d6e5b0d0c10200014a0010677265676f7269616e4375746f766572787200126a6176612e7574696c2e43616c656e646172e6ea4d1ec8dc5b8e03000b5a000c6172654669656c647353657449000e66697273744461794f665765656b5a0009697354696d655365745a00076c656e69656e744900166d696e696d616c44617973496e46697273745765656b4900096e6578745374616d7049001573657269616c56657273696f6e4f6e53747265616d4a000474696d655b00066669656c64737400025b495b000569735365747400025b5a4c00047a6f6e657400144c6a6176612f7574696c2f54696d655a6f6e653b7870010000000101010000000100000002000000010000015c21c41e8f757200025b494dba602676eab2a502000078700000001100000001000007e1000000040000001400000003000000130000008b000000060000000300000001000000080000001400000020000000000000000f006ddd000036ee80757200025b5a578f203914b85de20200007870000000110101010101010101010101010101010101737200186a6176612e7574696c2e53696d706c6554696d655a6f6e65fa675d60d15ef5a603001249000a647374536176696e6773490006656e6444617949000c656e644461794f665765656b490007656e644d6f6465490008656e644d6f6e7468490007656e6454696d6549000b656e6454696d654d6f64654900097261774f666673657449001573657269616c56657273696f6e4f6e53747265616d490008737461727444617949000e73746172744461794f665765656b49000973746172744d6f646549000a73746172744d6f6e7468490009737461727454696d6549000d737461727454696d654d6f64654900097374617274596561725a000b7573654461796c696768745b000b6d6f6e74684c656e6774687400025b42787200126a6176612e7574696c2e54696d655a6f6e6531b3e9f57744aca10200014c0002494471007e0001787074000d4575726f70652f417468656e730036ee80ffffffff00000001000000020000000900dbba0000000002006ddd0000000002ffffffff00000001000000020000000200a4cb80000000020000000001757200025b42acf317f8060854e002000078700000000c1f1c1f1e1f1e1f1f1e1f1e1f770a00000006ff01ff0102027571007e000b000000020036ee800036ee80787372001a73756e2e7574696c2e63616c656e6461722e5a6f6e65496e666f24d1d3ce001d719b020008490008636865636b73756d49000a647374536176696e67734900097261774f666673657449000d7261774f6666736574446966665a001377696c6c474d544f66667365744368616e67655b00076f66667365747371007e00075b001473696d706c6554696d655a6f6e65506172616d7371007e00075b000b7472616e736974696f6e737400025b4a7871007e001171007e0013ca7117b90036ee80006ddd0000000000007571007e000b00000004006ddd000056da6000a4cb800036ee807571007e000b0000000a00000002ffffffff000000010036ee800000000200000009ffffffff000000010036ee8000000002757200025b4a782004b512b1759302000078700000008affdfdae01dc00001ffe776c82dc00000ffeec8ff19300032ffeedb01ec480000fff2cdad62300032fff2d51117880030fff38677d3680003fff3b613c8980030fff3f29312b00003fff42d7d3dd80000fff7f64a2a700032fff81e300488000000026c350a7000320002b597a97000000002e1b6fb00003200031c4b518000000003549edfc0003200038d44d3c000000003c9c78cc000320004021e89e8000000043f08421800320004792ebb9800000004b4b6d47000320004eea2f08800000005294502a80032000563d95928000000059e6dafa800320005d90206280000000613965ca8003200064e2ab3280000000688bf09a800320006c59428680000000700287ee8003200073abcd5680000000775512be800320007afe5826800000007ea79d8e800320008250e2f68000000085fa285e8003200089a36dc6800000008d4cb32e8003200090f5f89680000000949f3dfe80032000986c8fea800000009c15d552800320009fbf1aba80000000a368602280032000a711a58a80000000aabaeaf280032000ae64305a80000000b20d75c280032000b5b6bb2a80000000b960009280032000bd0945fa80000000c0d697e680032000c5100f5e80000000c82922b680032000cc629a2e80000000cf7bad8680032000d3b524fe80000000d6ce385680032000db2bbc5280000000de20c32680032000e27e472280000000e5734df680032000e9d0d1f280000000ece9e54a80032000f1235cc280000000f43c701a80032000f875e79280000000fb8efaea80032000ffec7ee68000000102e185ba80032001073f09b6800000010a34108a800320010e9194868000000111869b5a8003200115e41f568000000118fd32ae800320011d36aa2680000001204fbd7e80032001248934f68000000127a2484e800320012bffcc4a800000012ef4d31e800320013352571a8000000136475dee800320013aa4e1ea800000013dbdf5428003200141f76cba8000000145108012800320014949f78a800000014c630ae280032001509c825a8000000153b595b280032001581319ae800000015b082082800320015f65a47e80000001625aab528003200166b82f4e8000000169d142a6800320016e0aba1e800000017123cd7680032001755d44ee8000000178765846800320017cd3dc42800000017fc8e316800320018426671280000001871b6de6800320018b78f1e2800000018e92053a8003200192cb7cb28000000195e4900a800320019a1e0782800000019d371ada80032001a170925280000001a489a5aa80032001a8e729a680000001abdc307a80032001b039b47680000001b32ebb4a80032001b78c3f4680000001baa5529e80032001bedeca1680000001c1f7dd6e80032001c63154e680000001c94a683e80032001cda7ec3a80000001d09cf30e80032001d4fa770a80000001d7ef7dde80032001dc4d01da80000001df4208ae80032001e39f8caa80000001e6b8a00280032001eaf2177a80000001ee0b2ad280032001f244a24a8000078fffff4e2f964ac0074000550617274797400204365726572652070656e74727520636f6e6365646975206465206f6469686e617400056d61696e6574000f50726f6a656374204d616e6167657274000b4d6f73204372616369756e740003617a6974000f53756273656d6e6174756c286129207400102c20616e67616a617428612920616c2074000f20696e2066756e63746961206465207400102c20646570617274616d656e74756c207400472c20766120726f672073612d6d69206170726f6261746920636f6e63656469756c206465206f6469686e6120696e20706572696f6164612063757072696e736120696e747265207400472e200a44696e20746f74616c756c206465203231207a696c65206c75637261746f617265206c61206361726520616d206472657074756c2c20616d206d6169207072696d6974207400105661636174696f6e2052657175657374),
(2, 3, 'Worked Period Statement - Mos Craciun - 19-05-2017-20-55-55.pdf', '2017-05-19', 1, 0xaced00057372001a446f63756d656e7454797065732e576f726b6564506572696f6436cc2fe8ae8acf260200104c0003434e507400124c6a6176612f6c616e672f537472696e673b4c0007636f6d70616e7971007e00014c0004646174657400144c6a6176612f7574696c2f43616c656e6461723b4c000a6465706172746d656e7471007e00014c000d646f63756d656e745469746c6571007e00014c00036a6f6271007e00014c00046e616d6571007e00014c0002743171007e00014c0002743271007e00014c0002743371007e00014c0002743471007e00014c0002743571007e00014c0002743671007e00014c0002743771007e00014c0002743871007e00014c00057469746c6571007e0001787074000d3030303939383435313534373874000645766f7a6f6e7372001b6a6176612e7574696c2e477265676f7269616e43616c656e6461728f3dd7d6e5b0d0c10200014a0010677265676f7269616e4375746f766572787200126a6176612e7574696c2e43616c656e646172e6ea4d1ec8dc5b8e03000b5a000c6172654669656c647353657449000e66697273744461794f665765656b5a0009697354696d655365745a00076c656e69656e744900166d696e696d616c44617973496e46697273745765656b4900096e6578745374616d7049001573657269616c56657273696f6e4f6e53747265616d4a000474696d655b00066669656c64737400025b495b000569735365747400025b5a4c00047a6f6e657400144c6a6176612f7574696c2f54696d655a6f6e653b7870010000000101010000000100000002000000010000015c21da06c6757200025b494dba602676eab2a502000078700000001100000001000007e1000000040000001400000003000000130000008b00000006000000030000000100000008000000140000003700000037000002ce006ddd000036ee80757200025b5a578f203914b85de20200007870000000110101010101010101010101010101010101737200186a6176612e7574696c2e53696d706c6554696d655a6f6e65fa675d60d15ef5a603001249000a647374536176696e6773490006656e6444617949000c656e644461794f665765656b490007656e644d6f6465490008656e644d6f6e7468490007656e6454696d6549000b656e6454696d654d6f64654900097261774f666673657449001573657269616c56657273696f6e4f6e53747265616d490008737461727444617949000e73746172744461794f665765656b49000973746172744d6f646549000a73746172744d6f6e7468490009737461727454696d6549000d737461727454696d654d6f64654900097374617274596561725a000b7573654461796c696768745b000b6d6f6e74684c656e6774687400025b42787200126a6176612e7574696c2e54696d655a6f6e6531b3e9f57744aca10200014c0002494471007e0001787074000d4575726f70652f417468656e730036ee80ffffffff00000001000000020000000900dbba0000000002006ddd0000000002ffffffff00000001000000020000000200a4cb80000000020000000001757200025b42acf317f8060854e002000078700000000c1f1c1f1e1f1e1f1f1e1f1e1f770a00000006ff01ff0102027571007e000c000000020036ee800036ee80787372001a73756e2e7574696c2e63616c656e6461722e5a6f6e65496e666f24d1d3ce001d719b020008490008636865636b73756d49000a647374536176696e67734900097261774f666673657449000d7261774f6666736574446966665a001377696c6c474d544f66667365744368616e67655b00076f66667365747371007e00085b001473696d706c6554696d655a6f6e65506172616d7371007e00085b000b7472616e736974696f6e737400025b4a7871007e001271007e0014ca7117b90036ee80006ddd0000000000007571007e000c00000004006ddd000056da6000a4cb800036ee807571007e000c0000000a00000002ffffffff000000010036ee800000000200000009ffffffff000000010036ee8000000002757200025b4a782004b512b1759302000078700000008affdfdae01dc00001ffe776c82dc00000ffeec8ff19300032ffeedb01ec480000fff2cdad62300032fff2d51117880030fff38677d3680003fff3b613c8980030fff3f29312b00003fff42d7d3dd80000fff7f64a2a700032fff81e300488000000026c350a7000320002b597a97000000002e1b6fb00003200031c4b518000000003549edfc0003200038d44d3c000000003c9c78cc000320004021e89e8000000043f08421800320004792ebb9800000004b4b6d47000320004eea2f08800000005294502a80032000563d95928000000059e6dafa800320005d90206280000000613965ca8003200064e2ab3280000000688bf09a800320006c59428680000000700287ee8003200073abcd5680000000775512be800320007afe5826800000007ea79d8e800320008250e2f68000000085fa285e8003200089a36dc6800000008d4cb32e8003200090f5f89680000000949f3dfe80032000986c8fea800000009c15d552800320009fbf1aba80000000a368602280032000a711a58a80000000aabaeaf280032000ae64305a80000000b20d75c280032000b5b6bb2a80000000b960009280032000bd0945fa80000000c0d697e680032000c5100f5e80000000c82922b680032000cc629a2e80000000cf7bad8680032000d3b524fe80000000d6ce385680032000db2bbc5280000000de20c32680032000e27e472280000000e5734df680032000e9d0d1f280000000ece9e54a80032000f1235cc280000000f43c701a80032000f875e79280000000fb8efaea80032000ffec7ee68000000102e185ba80032001073f09b6800000010a34108a800320010e9194868000000111869b5a8003200115e41f568000000118fd32ae800320011d36aa2680000001204fbd7e80032001248934f68000000127a2484e800320012bffcc4a800000012ef4d31e800320013352571a8000000136475dee800320013aa4e1ea800000013dbdf5428003200141f76cba8000000145108012800320014949f78a800000014c630ae280032001509c825a8000000153b595b280032001581319ae800000015b082082800320015f65a47e80000001625aab528003200166b82f4e8000000169d142a6800320016e0aba1e800000017123cd7680032001755d44ee8000000178765846800320017cd3dc42800000017fc8e316800320018426671280000001871b6de6800320018b78f1e2800000018e92053a8003200192cb7cb28000000195e4900a800320019a1e0782800000019d371ada80032001a170925280000001a489a5aa80032001a8e729a680000001abdc307a80032001b039b47680000001b32ebb4a80032001b78c3f4680000001baa5529e80032001bedeca1680000001c1f7dd6e80032001c63154e680000001c94a683e80032001cda7ec3a80000001d09cf30e80032001d4fa770a80000001d7ef7dde80032001dc4d01da80000001df4208ae80032001e39f8caa80000001e6b8a00280032001eaf2177a80000001ee0b2ad280032001f244a24a8000078fffff4e2f964ac00740005506172747974001e416465766572696e74612064652076656368696d6520696e206d756e636174000f50726f6a656374204d616e6167657274000b4d6f73204372616369756e74001e2c206120666f737420616e67616a617420616c20636f6d70616e696569207400062c206a6f622074000e2c20646570617274616d656e74207400305072696e207072657a656e7461207365206174657374612066617074756c20636120646f6d6e756c2f646f616d6e61207400062c20434e50207400cd20696e2062617a6120636f6e7472616374756c756920696e646976696475616c206465206d756e6361206375206e6f726d6120696e747265616761202f2063752074696d70207061727469616c20646520e280a6e280a6e280a6e280a6e280a62e202e6f7265202f207a692c20696e636865696174207065206475726174612064657465726d696e617461202f206e6564657465726d696e6174612c20696e726567697374726174206c6120496e73706563746f726174756c2054657269746f7269616c206465204d756e636174004e20e280a6e280a6e280a6e280a6e280a6e280a6206375206e722e20e280a6e280a6e280a62e2e2fe280a6e280a6e280a6e280a62e2c20696e2066756e63746961202f206d657365726961206465207400b120506520647572617461206578656375746172696920636f6e7472616374756c756920696e646976696475616c206465206d756e636120617520696e74657276656e69742075726d61746f6172656c65206d7574617469692028696e63686569657265612c206d6f6469666963617265612c2073757370656e646172656120736920696e6365746172656120636f6e7472616374756c756920696e646976696475616c206465206d756e6361293a200a0a740017576f726b656420506572696f642053746174656d656e74),
(4, 3, 'Vacation Request - Mos Craciun - 19052017205623.pdf', '2017-05-19', 1, 0xaced000573720016446f63756d656e7454797065732e5661636174696f6ea147fac6ebdc9989020010490009757365645f646179734c0007636f6d70616e797400124c6a6176612f6c616e672f537472696e673b4c0004646174657400144c6a6176612f7574696c2f43616c656e6461723b4c000a6465706172746d656e7471007e00014c000d646f63756d656e745469746c6571007e00014c000c656e645f7661636174696f6e71007e00014c00036a6f6271007e00014c00046e616d6571007e00014c000e73746172745f7661636174696f6e71007e00014c0002743171007e00014c0002743271007e00014c0002743371007e00014c0002743471007e00014c0002743571007e00014c0002743671007e00014c00057469746c6571007e000178700000000074000645766f7a6f6e7372001b6a6176612e7574696c2e477265676f7269616e43616c656e6461728f3dd7d6e5b0d0c10200014a0010677265676f7269616e4375746f766572787200126a6176612e7574696c2e43616c656e646172e6ea4d1ec8dc5b8e03000b5a000c6172654669656c647353657449000e66697273744461794f665765656b5a0009697354696d655365745a00076c656e69656e744900166d696e696d616c44617973496e46697273745765656b4900096e6578745374616d7049001573657269616c56657273696f6e4f6e53747265616d4a000474696d655b00066669656c64737400025b495b000569735365747400025b5a4c00047a6f6e657400144c6a6176612f7574696c2f54696d655a6f6e653b7870010000000101010000000100000002000000010000015c21da7406757200025b494dba602676eab2a502000078700000001100000001000007e1000000040000001400000003000000130000008b00000006000000030000000100000008000000140000003800000017000002ae006ddd000036ee80757200025b5a578f203914b85de20200007870000000110101010101010101010101010101010101737200186a6176612e7574696c2e53696d706c6554696d655a6f6e65fa675d60d15ef5a603001249000a647374536176696e6773490006656e6444617949000c656e644461794f665765656b490007656e644d6f6465490008656e644d6f6e7468490007656e6454696d6549000b656e6454696d654d6f64654900097261774f666673657449001573657269616c56657273696f6e4f6e53747265616d490008737461727444617949000e73746172744461794f665765656b49000973746172744d6f646549000a73746172744d6f6e7468490009737461727454696d6549000d737461727454696d654d6f64654900097374617274596561725a000b7573654461796c696768745b000b6d6f6e74684c656e6774687400025b42787200126a6176612e7574696c2e54696d655a6f6e6531b3e9f57744aca10200014c0002494471007e0001787074000d4575726f70652f417468656e730036ee80ffffffff00000001000000020000000900dbba0000000002006ddd0000000002ffffffff00000001000000020000000200a4cb80000000020000000001757200025b42acf317f8060854e002000078700000000c1f1c1f1e1f1e1f1f1e1f1e1f770a00000006ff01ff0102027571007e000b000000020036ee800036ee80787372001a73756e2e7574696c2e63616c656e6461722e5a6f6e65496e666f24d1d3ce001d719b020008490008636865636b73756d49000a647374536176696e67734900097261774f666673657449000d7261774f6666736574446966665a001377696c6c474d544f66667365744368616e67655b00076f66667365747371007e00075b001473696d706c6554696d655a6f6e65506172616d7371007e00075b000b7472616e736974696f6e737400025b4a7871007e001171007e0013ca7117b90036ee80006ddd0000000000007571007e000b00000004006ddd000056da6000a4cb800036ee807571007e000b0000000a00000002ffffffff000000010036ee800000000200000009ffffffff000000010036ee8000000002757200025b4a782004b512b1759302000078700000008affdfdae01dc00001ffe776c82dc00000ffeec8ff19300032ffeedb01ec480000fff2cdad62300032fff2d51117880030fff38677d3680003fff3b613c8980030fff3f29312b00003fff42d7d3dd80000fff7f64a2a700032fff81e300488000000026c350a7000320002b597a97000000002e1b6fb00003200031c4b518000000003549edfc0003200038d44d3c000000003c9c78cc000320004021e89e8000000043f08421800320004792ebb9800000004b4b6d47000320004eea2f08800000005294502a80032000563d95928000000059e6dafa800320005d90206280000000613965ca8003200064e2ab3280000000688bf09a800320006c59428680000000700287ee8003200073abcd5680000000775512be800320007afe5826800000007ea79d8e800320008250e2f68000000085fa285e8003200089a36dc6800000008d4cb32e8003200090f5f89680000000949f3dfe80032000986c8fea800000009c15d552800320009fbf1aba80000000a368602280032000a711a58a80000000aabaeaf280032000ae64305a80000000b20d75c280032000b5b6bb2a80000000b960009280032000bd0945fa80000000c0d697e680032000c5100f5e80000000c82922b680032000cc629a2e80000000cf7bad8680032000d3b524fe80000000d6ce385680032000db2bbc5280000000de20c32680032000e27e472280000000e5734df680032000e9d0d1f280000000ece9e54a80032000f1235cc280000000f43c701a80032000f875e79280000000fb8efaea80032000ffec7ee68000000102e185ba80032001073f09b6800000010a34108a800320010e9194868000000111869b5a8003200115e41f568000000118fd32ae800320011d36aa2680000001204fbd7e80032001248934f68000000127a2484e800320012bffcc4a800000012ef4d31e800320013352571a8000000136475dee800320013aa4e1ea800000013dbdf5428003200141f76cba8000000145108012800320014949f78a800000014c630ae280032001509c825a8000000153b595b280032001581319ae800000015b082082800320015f65a47e80000001625aab528003200166b82f4e8000000169d142a6800320016e0aba1e800000017123cd7680032001755d44ee8000000178765846800320017cd3dc42800000017fc8e316800320018426671280000001871b6de6800320018b78f1e2800000018e92053a8003200192cb7cb28000000195e4900a800320019a1e0782800000019d371ada80032001a170925280000001a489a5aa80032001a8e729a680000001abdc307a80032001b039b47680000001b32ebb4a80032001b78c3f4680000001baa5529e80032001bedeca1680000001c1f7dd6e80032001c63154e680000001c94a683e80032001cda7ec3a80000001d09cf30e80032001d4fa770a80000001d7ef7dde80032001dc4d01da80000001df4208ae80032001e39f8caa80000001e6b8a00280032001eaf2177a80000001ee0b2ad280032001f244a24a8000078fffff4e2f964ac0074000550617274797400204365726572652070656e74727520636f6e6365646975206465206f6469686e617400056d61696e6574000f50726f6a656374204d616e6167657274000b4d6f73204372616369756e740003617a6974000f53756273656d6e6174756c286129207400102c20616e67616a617428612920616c2074000f20696e2066756e63746961206465207400102c20646570617274616d656e74756c207400472c20766120726f672073612d6d69206170726f6261746920636f6e63656469756c206465206f6469686e6120696e20706572696f6164612063757072696e736120696e747265207400472e200a44696e20746f74616c756c206465203231207a696c65206c75637261746f617265206c61206361726520616d206472657074756c2c20616d206d6169207072696d6974207400105661636174696f6e2052657175657374);

-- --------------------------------------------------------

--
-- Table structure for table `document_types`
--

CREATE TABLE `document_types` (
  `id_doctype` int(11) NOT NULL,
  `doctype_name` varchar(200) COLLATE utf8_unicode_ci NOT NULL
) ENGINE=MyISAM DEFAULT CHARSET=utf8 COLLATE=utf8_unicode_ci;

--
-- Dumping data for table `document_types`
--

INSERT INTO `document_types` (`id_doctype`, `doctype_name`) VALUES
(1, 'vacation');

-- --------------------------------------------------------

--
-- Table structure for table `employees`
--

CREATE TABLE `employees` (
  `id_employee` int(11) NOT NULL,
  `last_name` varchar(200) COLLATE utf8_unicode_ci NOT NULL,
  `first_name` varchar(200) COLLATE utf8_unicode_ci NOT NULL,
  `username` varchar(13) CHARACTER SET latin1 NOT NULL,
  `password` varchar(50) CHARACTER SET latin1 NOT NULL,
  `cnp` varchar(13) COLLATE utf8_unicode_ci NOT NULL,
  `id_job` int(11) NOT NULL,
  `id_department` int(11) NOT NULL,
  `email` varchar(200) COLLATE utf8_unicode_ci NOT NULL,
  `phone` varchar(200) COLLATE utf8_unicode_ci NOT NULL,
  `role` varchar(200) COLLATE utf8_unicode_ci NOT NULL
) ENGINE=MyISAM DEFAULT CHARSET=utf8 COLLATE=utf8_unicode_ci;

--
-- Dumping data for table `employees`
--

INSERT INTO `employees` (`id_employee`, `last_name`, `first_name`, `username`, `password`, `cnp`, `id_job`, `id_department`, `email`, `phone`, `role`) VALUES
(2, 'Incau', 'Ionut', 'johnny', '123456', '1951013011151', 2, 2, 'ionut.incau@gmail.com', '0751311492', 'hr'),
(3, 'Mos', 'Craciun', 'mosu', '123456', '0009984515478', 3, 3, 'mosu@christmas.com', '0751852123', 'user'),
(10, 'Cristi', 'Stoica', 'cristi.stoica', 'qazwsxedc', '1234567890987', 4, 1, 'cristi.stoica@gmail.com', '1234567890', 'user'),
(12, 'Moldovan', 'Elisei', 'elisei.m', 'qwerasdf', '1542365876554', 1, 1, 'elsiei.moldoban95@gmail.com', '0751686601', 'user'),
(7, 'Maierescu', 'Marius', 'mariusdk', '123456', '122345678', 3, 1, 'mariusdk@gmail.com', '0744925179', 'hr'),
(13, 'Incau', 'Ionut', 'white_shadow', '123456', '1951013011151', 1, 1, 'ionut.incau@gmail.com', '0751311492', 'admin'),
(11, 'Emil', 'Jucu', 'admin', '123456', '133123', 1, 2, 'admin@admin.ro', '02423423', 'admin');

-- --------------------------------------------------------

--
-- Table structure for table `jobs`
--

CREATE TABLE `jobs` (
  `id_job` int(11) NOT NULL,
  `name` varchar(200) COLLATE utf8_unicode_ci NOT NULL,
  `min_salary` varchar(200) COLLATE utf8_unicode_ci NOT NULL,
  `number` int(11) NOT NULL,
  `id_document` int(11) NOT NULL
) ENGINE=MyISAM DEFAULT CHARSET=utf8 COLLATE=utf8_unicode_ci;

--
-- Dumping data for table `jobs`
--

INSERT INTO `jobs` (`id_job`, `name`, `min_salary`, `number`, `id_document`) VALUES
(1, 'Programator', '2100', 3, 1),
(2, 'Tester', '1100', 1, 1),
(3, 'Project Manager', '1500', 2, 1),
(6, 'Android Developer', '3000', 0, 1),
(5, 'Consultant', '750', 0, 1),
(4, 'Concediu', '0', 0, 1);

-- --------------------------------------------------------

--
-- Table structure for table `jobs_history`
--

CREATE TABLE `jobs_history` (
  `id_job_history` int(11) NOT NULL,
  `id_job` int(11) NOT NULL,
  `start_date` date NOT NULL,
  `end_date` date NOT NULL,
  `id_employee` int(11) NOT NULL,
  `id_department` int(11) NOT NULL,
  `status` varchar(30) COLLATE utf8_unicode_ci NOT NULL
) ENGINE=MyISAM DEFAULT CHARSET=utf8 COLLATE=utf8_unicode_ci;

--
-- Dumping data for table `jobs_history`
--

INSERT INTO `jobs_history` (`id_job_history`, `id_job`, `start_date`, `end_date`, `id_employee`, `id_department`, `status`) VALUES
(0, 4, '2017-05-01', '2017-05-02', 13, 4, 'vacation');

-- --------------------------------------------------------

--
-- Table structure for table `requests`
--

CREATE TABLE `requests` (
  `id_request` int(11) NOT NULL,
  `id_document` int(11) NOT NULL,
  `Status` varchar(200) COLLATE utf8_unicode_ci NOT NULL,
  `date_approval` date NOT NULL
) ENGINE=MyISAM DEFAULT CHARSET=utf8 COLLATE=utf8_unicode_ci;

--
-- Dumping data for table `requests`
--

INSERT INTO `requests` (`id_request`, `id_document`, `Status`, `date_approval`) VALUES
(1, 1, 'pending', '2000-00-00'),
(2, 2, 'pending', '2000-00-00'),
(3, 3, 'pending', '2000-00-00');

--
-- Indexes for dumped tables
--

--
-- Indexes for table `alerts`
--
ALTER TABLE `alerts`
  ADD PRIMARY KEY (`id_alert`);

--
-- Indexes for table `alerts_employees`
--
ALTER TABLE `alerts_employees`
  ADD PRIMARY KEY (`id_alert_employee`),
  ADD KEY `fk_emp_alert_emp` (`id_employee`),
  ADD KEY `fk_alerts_alert_emp` (`id_alert`);

--
-- Indexes for table `clockings`
--
ALTER TABLE `clockings`
  ADD PRIMARY KEY (`id_clocking`),
  ADD KEY `FK_Employees_Clockings` (`id_employee`);

--
-- Indexes for table `departments`
--
ALTER TABLE `departments`
  ADD PRIMARY KEY (`id_department`);

--
-- Indexes for table `documents`
--
ALTER TABLE `documents`
  ADD PRIMARY KEY (`id_document`),
  ADD KEY `fk_documents_employees` (`id_employee`),
  ADD KEY `fk_documents_doctype` (`id_doctype`);

--
-- Indexes for table `document_types`
--
ALTER TABLE `document_types`
  ADD PRIMARY KEY (`id_doctype`);

--
-- Indexes for table `employees`
--
ALTER TABLE `employees`
  ADD PRIMARY KEY (`id_employee`),
  ADD KEY `FK_Department_employee` (`id_department`),
  ADD KEY `fk_jobs_emp` (`id_job`);

--
-- Indexes for table `jobs`
--
ALTER TABLE `jobs`
  ADD PRIMARY KEY (`id_job`);

--
-- Indexes for table `jobs_history`
--
ALTER TABLE `jobs_history`
  ADD PRIMARY KEY (`id_job_history`),
  ADD KEY `fk_emp_jobsh` (`id_employee`),
  ADD KEY `fk_dep_jobsh` (`id_department`),
  ADD KEY `id_job` (`id_job`);

--
-- Indexes for table `requests`
--
ALTER TABLE `requests`
  ADD PRIMARY KEY (`id_request`);

/*!40101 SET CHARACTER_SET_CLIENT=@OLD_CHARACTER_SET_CLIENT */;
/*!40101 SET CHARACTER_SET_RESULTS=@OLD_CHARACTER_SET_RESULTS */;
/*!40101 SET COLLATION_CONNECTION=@OLD_COLLATION_CONNECTION */;
